claim_id,claim_text,query,verdict,fact_checker,rating_label,factcheck_url,verdict_date,topic,language,split,notes
C001,U.S. Secretary of Health and Human Services Robert F. Kennedy Jr. said people in hospice care weren't dying fast enough and were costing taxpayers too much money.,U.S. Secretary of Health and Human Services Robert F. Kennedy Jr. said,FALSE,Snopes,False,https://www.snopes.com/fact-check/rfk-jr-hospice-comment/,2026-09-01,health,en,calibration,
C002,"In August 2026, U.S. President Donald Trump posted an image showing a six-fingered U.S. Navy sailor eating a burger with the caption, ""OUR MILITARY EATS THE BEST! Nobody feeds our brave troops better than me. The food is AMAZING--the best military food EVER! Other countries wish they could feed their soldiers this well. TOTAL WIN!""",U.S. President Donald Trump an image showing a six-fingered U.S. Navy sailor,FALSE,Snopes,False,https://www.snopes.com/fact-check/trump-navy-sailor-ai-photo/,2026-09-02,politics,en,evaluation,
C003,"In the summer of 2026, U.S. President Donald Trump ordered the removal of weeping willow trees outside the John F. Kennedy Memorial Center for the Performing Arts in Washington, D.C.",In the summer of 2026 U.S. President Donald Trump ordered the removal,FALSE,Snopes,False,https://www.snopes.com/fact-check/weeping-willows-kennedy-center/,2026-09-02,politics,en,calibration,
C004,Adding a stamp to a postage prepaid ballot will “force” the U.S. Postal Service to handle it as first-class mail instead of bulk.,Adding a stamp to a postage prepaid ballot will force the U.S,FALSE,Snopes,False,https://www.snopes.com/fact-check/usps-stamp-ballot-first-class-mail/,2026-09-04,general,en,calibration,
C005,"As cited by the U.S. Department of Health and Human Services, a database from anti-trans group Do No Harm proves that from 2019 to 2023, more than 5,500 minors in the United States had sex change surgeries.",As cited by the U.S. Department of Health and Human Services a,FALSE,Snopes,False,https://www.snopes.com/fact-check/hhs-report-trans-minors-surgeries/,2026-09-04,health,en,calibration,
C006,A U.S. military dog named Valor was honored at the Pentagon for surviving a suicide bombing and saving 47 soldiers in 2023.,A U.S. military dog named Valor was honored at the Pentagon for,FALSE,Snopes,False,https://www.snopes.com/fact-check/k9-valor-suicide-bombing-survive/,2026-09-07,conflict,en,calibration,
C007,"As shared in September 2026 social media posts, a black bear took a raccoon and later a fox to a wildlife center where it had previously been treated.",As shared in September 2026 social media posts a black bear took,FALSE,Snopes,False,https://www.snopes.com/fact-check/bear-rescued-animals-wildlife-center/,2026-09-09,general,en,calibration,
C008,"Shortly after Turning Point USA CEO Charlie Kirk was fatally shot in September 2025, his wife, Erika Kirk, announced she was pregnant with their third child.",Shortly after Turning Point USA CEO Charlie Kirk was fatally shot in,FALSE,Snopes,False,https://www.snopes.com/fact-check/erika-kirk-pregnancy-announcement/,2026-09-10,general,en,evaluation,
C009,"On Sept. 8, 2026, U.S. President Donald Trump said in a speech that he helped save victims of the 1912 sinking of the RMS Titanic.",U.S. President Donald Trump in a speech that he helped save victims,FALSE,Snopes,False,https://www.snopes.com/fact-check/trump-titanic-quote/,2026-09-11,politics,en,evaluation,
C010,Photos published in early September 2026 authentically show former NFL linebacker Clay Matthews after extensive plastic surgery.,Photos published in early September 2026 authentically show former NFL linebacker Clay,FALSE,Snopes,False,https://www.snopes.com/fact-check/clay-matthews-plastic-surgery/,2026-09-11,general,en,evaluation,
C011,"In September 1992, musician Eric Clapton invited 16-year-old Sarah Mitchell, who was deaf, onstage at a concert in Birmingham, England, and performed for her.",In September 1992 musician Eric Clapton invited 16-year-old Sarah Mitchell who was,FALSE,Snopes,False,https://www.snopes.com/fact-check/eric-clapton-deaf-teen-1992/,2026-09-13,general,en,calibration,
C012,"Keiko Mori, a 22-year-old teacher in Japan, defied orders to lead 30 students to their deaths with hand grenades rather than allow them to surrender to American forces during the Battle of Okinawa in June 1945.",Keiko Mori a 22-year-old teacher in Japan defied orders to lead 30,FALSE,Snopes,False,https://www.snopes.com/fact-check/keiko-mori-okinawa-story/,2026-09-13,general,en,calibration,
C013,"In 1998, Donald Trump said he would run as a Republican in a presidential campaign because they are the ""dumbest group of voters.""",In 1998 Donald Trump he would run as a Republican in a,FALSE,Snopes,False,https://www.snopes.com/fact-check/trump-republicans-dumbest-voters-quote/,2026-09-14,politics,en,calibration,
C014,Singer Dolly Parton became the legal guardian of an abandoned newborn baby and promised to cover all of the child's living expenses until they reach age 18.,Singer Dolly Parton became the legal guardian of an abandoned newborn baby,FALSE,Snopes,False,https://www.snopes.com/fact-check/dolly-parton-adopting-baby/,2026-09-14,general,en,calibration,
C015,"U.S. President Donald Trump drafted written instructions in case he dies in office, requesting a simple funeral and calling for: ""No gold. No extravagance. No expensive casket. Military honors only.""",U.S. President Donald Trump drafted written instructions in case he dies in,FALSE,Snopes,False,https://www.snopes.com/fact-check/trump-simple-funeral-requests/,2026-09-14,politics,en,calibration,
C016,The Chinese government issued a nationwide alert telling people not to communicate with aliens and to contact the United Nations if extraterrestrial life reaches out to them.,The Chinese government issued a nationwide alert telling people not to communicate,FALSE,Snopes,False,https://www.snopes.com/fact-check/china-warning-aliens-un-hotline/,2026-09-15,general,en,evaluation,
C017,"The 119th Congress, which has been active between 2025 and 2026, is the most productive Congress in 80 years, as Republican House Speaker Mike Johnson claimed in September 2026.",The 119th Congress which has been active between 2025 and 2026 is,FALSE,Snopes,False,https://www.snopes.com/fact-check/mike-johnson-productive-congress/,2026-09-16,politics,en,calibration,
C018,"The people who assassinated or attempted to assassinate presidents Abraham Lincoln, John F. Kennedy, Ronald Reagan and Donald Trump; Attorney General Robert F. Kennedy; civil rights activist Martin Luther King Jr.; and conservative pundit Charlie Kirk all were registered Democrats.",The people who assassinated or attempted to assassinate presidents Abraham Lincoln John,FALSE,Snopes,False,https://www.snopes.com/fact-check/democrats-assassination-attempts-charlie-kirk-presidents/,2026-09-17,politics,en,evaluation,
C019,"In late summer 2026, new laws went into effect requiring any individual under 5 feet, 2 inches to use a booster seat when driving or riding in cars, regardless of age.",In late summer 2026 new laws went into effect requiring any individual,FALSE,Snopes,False,https://www.snopes.com/fact-check/booster-seat-laws-five-two/,2026-09-18,general,en,evaluation,
C020,"Denver Broncos quarterback Bo Nix responded to U.S. President Donald Trump calling a female reporter a ""pig"" by releasing a video in which he said that ""staying silent makes me part of the problem.""",Denver Broncos quarterback Bo Nix responded to U.S. President Donald Trump calling,FALSE,Snopes,False,https://www.snopes.com/fact-check/bo-nix-trump-piggy/,2026-09-21,politics,en,evaluation,
C021,The voter registration website VoteSafe.org was funded by Elon Musk's America PAC and it collects and shares users' personal information.,The voter registration website VoteSafe.org was funded by Elon Musks America PAC,TRUE,Snopes,True,https://www.snopes.com/fact-check/votesafeorg-elon-musk/,2026-09-09,general,en,calibration,
C022,An image collage of six police booking photos circulating online in September 2026 authentically shows Vermont faith leaders who were arrested after protesting U.S. Immigration and Customs Enforcement.,An image collage of six police booking photos circulating online in September,TRUE,Snopes,True,https://www.snopes.com/fact-check/faith-leaders-protest-ice/,2026-09-10,general,en,calibration,
C023,"In 2026, some families of 9/11 victims signed a petition aimed at excluding New York City Mayor Zohran Mamdani from the 25th-anniversary commemoration ceremony of the attacks.",In 2026 some families of 9 11 victims signed a petition aimed,TRUE,Snopes,True,https://www.snopes.com/fact-check/mamdani-911-ceremony-petition/,2026-09-10,general,en,evaluation,
C024,"Inmates at a Kansas prison donated over $4,000 to a Kansas school district’s lunch debt in 2026.",Inmates at a Kansas prison donated over $4 000 to a Kansas,TRUE,Snopes,True,https://www.snopes.com/fact-check/kansas-prisoners-school-lunch-debt/,2026-09-10,general,en,calibration,
C025,"U.S. President Donald Trump has promised $5,000 to every American adult if the Republicans win majority control of the Senate and House of Representatives in the 2026 midterm elections.",U.S. President Donald Trump has promised $5 000 to every American adult,TRUE,Snopes,True,https://www.snopes.com/fact-check/trump-5000-dollar-dividend/,2026-09-10,politics,en,calibration,
C026,"Photograph authentically shows a circular ""experimental forestry"" project in Japan.",Photograph authentically shows a circular experimental forestry project in Japan,TRUE,Snopes,True,https://www.snopes.com/fact-check/experimental-circular-forest-japan/,2026-09-12,general,en,evaluation,
C027,A video clip authentically showed New York City Mayor Zohran Mamdani and U.S. Rep. Alexandria Ocasio-Cortez sharing a smile and a laugh as victims' names were being read during a ceremony marking the 25th anniversary of the 9/11 terrorist attacks.,A video clip authentically showed New York City Mayor Zohran Mamdani and,TRUE,Snopes,True,https://www.snopes.com/fact-check/mamdani-aoc-laughing-911-ceremony/,2026-09-14,general,en,calibration,
C028,"A screenshot shared online in September 2026 authentically shows a 2012 tweet from U.S. President Donald Trump, reading, ""Don't let Obama buy the election by handing out unlimited free money to states.""",A screenshot shared online in September 2026 authentically shows a 2012 tweet,TRUE,Snopes,True,https://www.snopes.com/fact-check/trump-obama-post-dividend-promise/,2026-09-15,politics,en,evaluation,
C029,U.S. President Donald Trump helped a farmer's widow clear her debts to keep her farm in Georgia after her husband died by suicide trying to stop it being auctioned off.,U.S. President Donald Trump helped a farmers widow clear her debts to,TRUE,Snopes,True,https://www.snopes.com/fact-check/trump-georgia-widow-farm-foreclosure/,2026-09-15,politics,en,evaluation,
C030,"A video authentically shows U.S. President Donald Trump in 1987 saying that the U.S. should ""go in"" and take Iran's oil.",A video authentically shows U.S. President Donald Trump in 1987 saying that,TRUE,Snopes,True,https://www.snopes.com/fact-check/trump-video-iran-oil/,2026-09-16,politics,en,calibration,
C031,"Gillette Stadium owner Robert Kraft, who musician Macklemore said orchestrated his removal as an opening act on Ed Sheeran's tour, once faced a solicitation charge, and his name appears in the files related to late sex offender Jeffrey Epstein.",Kraft who musician Macklemore orchestrated his removal as an opening act on,TRUE,Snopes,True,https://www.snopes.com/fact-check/robert-kraft-solicitation-epstein-connection/,2026-09-16,general,en,calibration,
C032,"A member of the legal team for U.S. Rep. Joyce Beatty, an Ohio Democrat who has challenged President Donald Trump's actions involving the Kennedy Center, wrote in a court declaration that she saw a forklift repeatedly run into pillars at the building.",A member of the legal team for U.S. Rep. Joyce Beatty an,TRUE,Snopes,True,https://www.snopes.com/fact-check/forklift-hit-kennedy-center-pillars/,2026-09-17,politics,en,calibration,
C033,Musician Macklemore once performed in a Jewish caricature costume that featured antisemitic tropes.,Musician Macklemore once performed in a Jewish caricature costume that featured antisemitic,TRUE,Snopes,True,https://www.snopes.com/fact-check/macklemore-antisemitic-costume/,2026-09-17,general,en,calibration,
C034,"Turning Point USA CEO and co-founder Charlie Kirk said George Floyd was a ""scumbag.""",and co-founder Charlie Kirk George Floyd was a scumbag,TRUE,Snopes,True,https://www.snopes.com/fact-check/george-floyd-charlie-kirk-quote/,2026-09-17,general,en,evaluation,
C035,"Actor Christian Bale helped build 12 homes in a $22 million village in Palmdale, California, that aims to keep siblings in the foster-care system together.",Actor Christian Bale helped build 12 homes in a $22 million village,TRUE,Snopes,True,https://www.snopes.com/fact-check/christian-bale-foster-kids/,2026-09-18,general,en,calibration,
C036,Images authentically showed U.S. President Donald Trump viewing a large printout about the demolition of the John F. Kennedy Center for the Performing Arts.,Images authentically showed U.S. President Donald Trump viewing a large printout about,TRUE,Snopes,True,https://www.snopes.com/fact-check/trump-demolish-kennedy-center/,2026-09-18,politics,en,evaluation,
C037,"In September 2026, footwear company Converse published an ad that social media users said evoked Ku Klux Klan and lynching imagery.",In September 2026 footwear company Converse published an ad that social media,TRUE,Snopes,True,https://www.snopes.com/fact-check/converse-ad-lynching-kkk-imagery/,2026-09-18,general,en,evaluation,
C038,U.S. President Donald Trump's administration is considering a deal that would give a piece of Yosemite National Park to a private developer.,U.S. President Donald Trumps administration is considering a deal that would give,TRUE,Snopes,True,https://www.snopes.com/fact-check/yosemite-land-swap-trump-deal/,2026-09-18,politics,en,calibration,
C039,U.S. President Donald Trump's administration is considering two deals that would give pieces of Georgia's Cumberland Island National Seashore land to private owners.,U.S. President Donald Trumps administration is considering two deals that would give,TRUE,Snopes,True,https://www.snopes.com/fact-check/cumberland-island-national-seashore-trump/,2026-09-19,politics,en,evaluation,
C040,A video circulating online in 2026 authentically showed a rhino and muntjac deer headbutting each other at a Polish zoo.,A video circulating online in 2026 authentically showed a rhino and muntjac,TRUE,Snopes,True,https://www.snopes.com/fact-check/rhino-deer-headbutt-video/,2026-09-22,general,en,calibration,
