method,C001,C002,C003,C004,C005,C006,C007,C008,C009,C010,C013,C014,C015,C016,C017,C018,C019,C020,C021,C022,C023,C024,C025,C026,C027,C029,C030,C031,C032,C033,C034,C035,C036,C037,C038,C039
Ground truth (fact-checker),FALSE,FALSE,FALSE,FALSE,FALSE,FALSE,FALSE,FALSE,FALSE,FALSE,FALSE,FALSE,FALSE,FALSE,FALSE,FALSE,FALSE,FALSE,TRUE,TRUE,TRUE,TRUE,TRUE,TRUE,TRUE,TRUE,TRUE,TRUE,TRUE,TRUE,TRUE,TRUE,TRUE,TRUE,TRUE,TRUE
VeriNews TVS (3 factors),64.0,66.0,58.0,71.0,60.0,54.0,48.0,70.0,61.0,67.0,65.0,64.0,62.0,58.0,50.0,78.0,53.0,56.0,83.0,44.0,82.0,59.0,68.0,42.0,56.0,47.0,69.0,84.0,81.0,71.0,65.0,86.0,61.0,83.0,77.0,54.0
B1 source reputation (NewsGuard-style),49.2,31.7,44.6,60.0,35.4,36.0,42.7,32.2,26.4,20.0,40.7,35.0,48.2,31.1,45.8,30.2,30.4,37.5,35.5,25.0,41.1,10.0,42.0,10.0,28.9,35.6,36.8,29.8,17.9,37.7,45.0,35.0,54.8,33.8,44.3,37.5
B2 sensationalism lexicon,69.2,38.4,86.7,67.2,86.7,79.3,83.2,84.4,86.3,89.9,91.5,82.0,77.7,75.6,77.2,77.5,81.0,84.1,78.3,83.5,95.7,100.0,92.0,83.7,84.9,88.6,85.6,89.2,80.8,93.4,91.4,91.0,87.7,87.4,87.0,81.8
B3 TF-IDF overlap,17.2,39.7,27.2,37.3,25.8,18.8,19.9,25.5,20.8,26.4,24.9,29.6,30.7,17.1,23.1,16.5,6.9,29.0,47.5,24.6,27.5,77.3,21.6,37.4,27.0,20.4,32.7,25.8,41.4,21.7,16.5,27.4,30.9,35.0,45.0,28.3
B4 source count,99.0,75.0,99.0,85.0,99.0,95.0,99.0,99.0,99.0,75.0,99.0,99.0,99.0,99.0,99.0,99.0,99.0,99.0,99.0,65.0,99.0,65.0,99.0,55.0,99.0,85.0,99.0,99.0,99.0,99.0,99.0,99.0,99.0,99.0,99.0,99.0
B5 semantic fidelity only,77.5,82.4,72.1,88.2,73.0,66.5,60.8,78.4,77.1,85.2,74.7,80.1,80.0,76.8,63.0,87.4,67.0,73.4,92.5,77.6,89.2,91.4,75.9,83.1,70.8,65.9,81.8,92.0,90.9,80.1,75.6,94.2,77.3,88.1,90.5,67.5
B6 claim substantiation (isitfake-style),36.7,75.0,15.0,75.0,12.5,20.8,43.3,93.3,40.0,66.7,25.0,50.0,20.4,14.6,22.9,97.9,12.5,13.6,97.9,25.0,95.5,75.0,15.9,25.0,15.9,18.8,66.7,97.9,68.8,41.7,40.9,64.6,68.8,93.8,66.7,16.7
B7 evidence verdict (Justificat-style),38.6,0.0,45.8,36.8,47.6,31.8,46.1,48.1,33.3,25.2,16.7,15.0,40.0,44.7,45.6,41.3,44.4,44.1,19.6,19.0,45.0,19.0,38.9,0.0,30.6,32.9,22.5,37.0,40.5,45.0,33.3,42.1,30.9,45.2,40.0,45.0
