family,variant,C001,C003,C004,C005,C006,C007,C013,C014,C015,C017,C021,C022,C024,C025,C027,C030,C031,C032,C033,C035,C038
-,Ground truth (fact-checker verdict),FALSE,FALSE,FALSE,FALSE,FALSE,FALSE,FALSE,FALSE,FALSE,FALSE,TRUE,TRUE,TRUE,TRUE,TRUE,TRUE,TRUE,TRUE,TRUE,TRUE,TRUE
semantic scale (base/range),0/100,56.0,49.0,67.0,51.0,42.0,34.0,56.0,57.0,56.0,37.0,80.0,38.0,57.0,59.0,46.0,62.0,81.0,78.0,63.0,83.0,74.0
semantic scale (base/range),20/80,61.0,55.0,69.0,57.0,50.0,43.0,62.0,62.0,60.0,46.0,82.0,42.0,58.0,65.0,53.0,67.0,83.0,80.0,68.0,85.0,76.0
semantic scale (base/range),30/70,64.0,58.0,71.0,60.0,54.0,48.0,65.0,64.0,62.0,50.0,83.0,44.0,59.0,68.0,56.0,69.0,84.0,81.0,71.0,86.0,77.0
semantic scale (base/range),50/50,69.0,65.0,73.0,67.0,62.0,57.0,72.0,69.0,67.0,58.0,85.0,47.0,61.0,74.0,63.0,73.0,86.0,84.0,76.0,87.0,80.0
top-k sources,top-1,65.0,67.0,77.0,71.0,69.0,55.0,70.0,68.0,67.0,63.0,84.0,49.0,63.0,70.0,60.0,70.0,87.0,82.0,73.0,87.0,78.0
top-k sources,top-3,64.0,58.0,71.0,60.0,54.0,48.0,65.0,64.0,62.0,50.0,83.0,44.0,59.0,68.0,56.0,69.0,84.0,81.0,71.0,86.0,77.0
top-k sources,top-5,63.0,54.0,61.0,56.0,48.0,46.0,59.0,61.0,55.0,46.0,83.0,44.0,59.0,66.0,53.0,68.0,84.0,81.0,69.0,84.0,77.0
top-k sources,top-all,55.0,45.0,61.0,49.0,46.0,40.0,50.0,52.0,46.0,43.0,76.0,44.0,59.0,63.0,46.0,60.0,79.0,74.0,64.0,80.0,62.0
domain ladder,flat,64.0,58.0,75.0,60.0,54.0,48.0,65.0,64.0,62.0,50.0,83.0,61.0,83.0,68.0,56.0,69.0,84.0,81.0,71.0,86.0,77.0
domain ladder,mild,64.0,58.0,73.0,60.0,54.0,48.0,65.0,64.0,62.0,50.0,83.0,55.0,74.0,68.0,56.0,69.0,84.0,81.0,71.0,86.0,77.0
domain ladder,current,64.0,58.0,71.0,60.0,54.0,48.0,65.0,64.0,62.0,50.0,83.0,44.0,59.0,68.0,56.0,69.0,84.0,81.0,71.0,86.0,77.0
domain ladder,steep,64.0,58.0,67.0,60.0,54.0,48.0,65.0,64.0,62.0,50.0,83.0,33.0,45.0,68.0,56.0,69.0,84.0,81.0,71.0,86.0,77.0
coherence mapping (base/range),0.50/0.50,55.0,50.0,62.0,52.0,46.0,39.0,59.0,54.0,51.0,41.0,78.0,36.0,55.0,63.0,47.0,61.0,80.0,75.0,65.0,80.0,69.0
coherence mapping (base/range),0.70/0.30,64.0,58.0,71.0,60.0,54.0,48.0,65.0,64.0,62.0,50.0,83.0,44.0,59.0,68.0,56.0,69.0,84.0,81.0,71.0,86.0,77.0
coherence mapping (base/range),0.90/0.10,73.0,67.0,79.0,68.0,62.0,56.0,71.0,74.0,74.0,58.0,89.0,51.0,63.0,73.0,66.0,77.0,89.0,87.0,77.0,91.0,86.0
coherence mapping (base/range),1.00/0.00,77.0,72.0,83.0,73.0,66.0,60.0,74.0,80.0,79.0,63.0,92.0,55.0,65.0,75.0,70.0,81.0,91.0,90.0,80.0,94.0,90.0
flag threshold,60,64.0,58.0,71.0,60.0,54.0,48.0,65.0,64.0,62.0,50.0,83.0,44.0,59.0,68.0,56.0,69.0,84.0,81.0,71.0,86.0,77.0
flag threshold,70,64.0,58.0,71.0,60.0,54.0,48.0,65.0,64.0,62.0,50.0,83.0,44.0,59.0,68.0,56.0,69.0,84.0,81.0,71.0,86.0,77.0
flag threshold,75,64.0,58.0,71.0,60.0,54.0,48.0,65.0,64.0,62.0,50.0,83.0,44.0,59.0,68.0,56.0,69.0,84.0,81.0,71.0,86.0,77.0
flag threshold,85,64.0,58.0,71.0,60.0,54.0,48.0,65.0,64.0,62.0,50.0,83.0,44.0,59.0,68.0,56.0,69.0,84.0,81.0,71.0,86.0,77.0
