family,variant,pearson_r,pearson_p,spearman_rho,roc_auc,mean_true,mean_false,separation,accuracy,f1,f1_at_best_threshold,best_threshold,predicted_true,predicted_false,is_default
semantic scale (base/range),0/100,0.5206,0.015538,0.5599,0.8227,65.55,50.5,15.05,0.6667,0.5333,0.8182,57.0,4,17,False
semantic scale (base/range),20/80,0.4963,0.022119,0.4725,0.7727,69.0,56.5,12.5,0.7143,0.625,0.8,63.0,5,16,False
semantic scale (base/range),30/70,0.4731,0.03029,0.4648,0.7682,70.73,59.6,11.13,0.7143,0.625,0.8,66.0,5,16,True
semantic scale (base/range),50/50,0.4023,0.07061,0.465,0.7682,74.18,65.9,8.28,0.7619,0.7059,0.8,73.0,6,15,False
top-k sources,top-1,0.3005,0.185694,0.3393,0.6955,73.0,67.2,5.8,0.6667,0.5882,0.7273,70.0,6,15,False
top-k sources,top-3,0.4731,0.03029,0.4648,0.7682,70.73,59.6,11.13,0.7143,0.625,0.8,66.0,5,16,True
top-k sources,top-5,0.5883,0.005029,0.5439,0.8136,69.82,54.9,14.92,0.7143,0.625,0.8421,64.0,5,16,False
top-k sources,top-all,0.6397,0.001793,0.6149,0.8545,64.27,48.7,15.57,0.619,0.4286,0.8571,56.0,3,18,False
domain ladder,flat,0.6379,0.001861,0.6302,0.8636,74.45,60.0,14.45,0.7143,0.6667,0.8571,66.0,7,14,False
domain ladder,mild,0.6003,0.004014,0.5985,0.8455,73.09,59.8,13.29,0.7143,0.625,0.8571,66.0,5,16,False
domain ladder,current,0.4731,0.03029,0.4648,0.7682,70.73,59.6,11.13,0.7143,0.625,0.8,66.0,5,16,True
domain ladder,steep,0.3437,0.127093,0.441,0.7545,68.45,59.2,9.25,0.7143,0.625,0.8421,68.0,5,16,False
coherence mapping (base/range),0.50/0.50,0.5274,0.014015,0.5436,0.8136,64.45,50.9,13.55,0.6667,0.5333,0.8,60.0,4,17,False
coherence mapping (base/range),0.70/0.30,0.4731,0.03029,0.4648,0.7682,70.73,59.6,11.13,0.7143,0.625,0.8,66.0,5,16,True
coherence mapping (base/range),0.90/0.10,0.4029,0.070191,0.402,0.7318,77.18,68.2,8.98,0.7619,0.7368,0.7368,75.0,8,13,False
coherence mapping (base/range),1.00/0.00,0.3497,0.120227,0.3703,0.7136,80.27,72.7,7.57,0.6667,0.6957,0.7,80.0,12,9,False
flag threshold,60,0.4731,0.03029,0.4648,0.7682,70.73,59.6,11.13,0.5714,0.64,0.8,66.0,14,7,False
flag threshold,70,0.4731,0.03029,0.4648,0.7682,70.73,59.6,11.13,0.7143,0.6667,0.8,66.0,7,14,False
flag threshold,75,0.4731,0.03029,0.4648,0.7682,70.73,59.6,11.13,0.7143,0.625,0.8,66.0,5,16,True
flag threshold,85,0.4731,0.03029,0.4648,0.7682,70.73,59.6,11.13,0.5238,0.1667,0.8,66.0,1,20,False
